Wall time,Step,Value
1593383789.825058,0,9.567353248596191
1593390566.913531,4001,66.18043518066406
1593397280.1817355,8002,nan
1593403969.21245,12003,nan
1593410671.6862788,16004,nan
1593417382.74291,20005,nan
1593424082.3755214,24006,nan
1593430791.8037853,28007,nan
1593437476.5537553,32008,nan
1593444125.9099607,36009,nan
1593450772.671853,40010,nan
