Wall time,Step,Value
1593383789.8246856,0,0.9556000232696533
1593390566.9132557,4001,0.0
1593397280.181424,8002,0.0
1593403969.2119787,12003,0.0
1593410671.685948,16004,0.0
1593417382.742446,20005,0.0
1593424082.3751888,24006,0.0
1593430791.8034961,28007,0.0
1593437476.5531845,32008,0.0
1593444125.9096527,36009,0.0
1593450772.6715024,40010,0.0
